{"charErrorRates": [0.9998362999421593, 0.9570887581713612, 0.8707042376488306, 0.7242636225731467, 0.703129945105914, 0.6677871026181096, 0.6598640198186203, 0.645649398129454, 0.6325643068393885, 0.5963538540450284, 0.5827176392268992, 0.615081140662003, 0.5893638615752311, 0.5972105510143947, 0.646440615075684, 0.5518328949809562, 0.5536172256114197, 0.5821392323558621, 0.5697907913260796, 0.5358121159869477, 0.5070172758127708, 0.5373236131876766, 0.5237474217240891, 0.47632897163623666, 0.5220503977911406, 0.5024391308618262, 0.5022372341238227, 0.5257009090809879, 0.4791500692996912, 0.4783915923650293, 0.4639641606006701, 0.49730986238281805, 0.4765745217229977, 0.45115190274033895, 0.4563848479226463, 0.5067007890342788, 0.49730440571422335, 0.472683917014984, 0.46217982997020657, 0.4380231581015159, 0.4639150505833179, 0.43367964990014296, 0.4405113989806943, 0.41973240497211645, 0.4544531872401262, 0.44190830614093485, 0.4445329637349805, 0.42004343508201375, 0.43395793999847215, 0.4594460390042671, 0.408824524451332, 0.39799849395946785, 0.42200783577610196, 0.4053977365738669, 0.4396819853543015, 0.40799511082493917, 0.42349204963385756, 0.42134212220754985, 0.3797841341903941, 0.41789896432430074, 0.4445547904093593, 0.42432146326025033, 0.457989108489485, 0.4089282011546311, 0.3977311171983281, 0.4278301011666357, 0.4217677423579356, 0.3787200838144296, 0.4234756796280735, 0.39667798015955297, 0.38126289137955494, 0.4195250515655182, 0.37509139919896106, 0.38742892689155417, 0.4106961617793105, 0.413991989610503, 0.3832272920736432, 0.3796204341325534, 0.3947899728257904, 0.3794785607490915, 0.4177025242548919, 0.39392781918782943, 0.3819504316224858, 0.3861193264288287, 0.40689286376881184, 0.3709825277471598, 0.37960406412676934, 0.41213126561971386, 0.39910619768418987, 0.3781089369318244, 0.37994237757964006, 0.3810937346531196, 0.36948194388362016, 0.363086728290644], "wordAccuracies": [0.0, 0.0, 0.0, 0.0, 0.0, 0.0, 0.0, 0.0, 0.0, 0.0, 0.0, 0.0, 0.0, 0.0, 0.0, 0.0, 0.0, 0.0, 0.0, 0.0, 0.0, 0.0, 0.0, 0.0, 0.0, 0.0, 0.0, 0.0, 0.00031084861672365556, 0.0, 0.00031084861672365556, 0.0, 0.0009325458501709667, 0.0006216972334473111, 0.00031084861672365556, 0.0006216972334473111, 0.0009325458501709667, 0.001554243083618278, 0.0012433944668946222, 0.0012433944668946222, 0.0009325458501709667, 0.0012433944668946222, 0.002175940317065589, 0.0018650917003419335, 0.0009325458501709667, 0.0009325458501709667, 0.002175940317065589, 0.002175940317065589, 0.0024867889337892445, 0.0024867889337892445, 0.0024867889337892445, 0.0009325458501709667, 0.0024867889337892445, 0.0024867889337892445, 0.0027976375505129004, 0.0027976375505129004, 0.0024867889337892445, 0.002175940317065589, 0.0024867889337892445, 0.0024867889337892445, 0.0024867889337892445, 0.003730183400683867, 0.003108486167236556, 0.004041032017407522, 0.0027976375505129004, 0.004973577867578489, 0.0046627292508548334, 0.0034193347839602114, 0.004351880634131178, 0.0027976375505129004, 0.004351880634131178, 0.004973577867578489, 0.003730183400683867, 0.005595275101025801, 0.0046627292508548334, 0.004351880634131178, 0.0046627292508548334, 0.0046627292508548334, 0.006527820951196767, 0.0052844264843021444, 0.0046627292508548334, 0.006527820951196767, 0.005595275101025801, 0.005595275101025801, 0.006527820951196767, 0.0052844264843021444, 0.007771215418091389, 0.005906123717749456, 0.004041032017407522, 0.005595275101025801, 0.005595275101025801, 0.006838669567920423, 0.007149518184644078, 0.004351880634131178]}